レコードID,会社名,医療機関コード（正）,郵便番号,都道府県／地域,市区町村,ウェブサイトURL
343452739295,名古屋おもて呼吸器・アレルギー内科クリニック 金山駅前院,2310902057,456-0002,愛知県,名古屋市熱田区金山町１－４－６ アルティメイト金山３階,
343452650195,江南高屋はっとり眼科,2313601631,483-8047,愛知県,江南市高屋町大師１１０－１,
343390618336,はるひレディスケアクリニック,2317300636,452-0961,愛知県,清須市春日樋１１５,
343466040054,おのしんクリニック,1510128315,950-0005,新潟県,新潟市東区太平２丁目２３－４,
343408585462,こうふ糖尿病健康クリニック,1910116472,400-0032,山梨県,甲府市中央５―５―３,
343408585461,山岸医院,1911110599,402-0053,山梨県,都留市上谷５－４－１４,
343399015113,ふくしまみなと耳鼻咽喉科,2311102103,455-0068,愛知県,名古屋市港区土古町１－５２－４,
343452767964,吉祥寺駅前皮膚科クリニック,1313327673,180-0004,東京都,武蔵野市吉祥寺本町１－１７－１１　千代田生命吉祥寺ビル５階,
343390618335,みかわ医院,2313102705,446-0072,愛知県,安城市住吉町３－６－１２,
343316492987,たけばやし脳神経クリニック,2310506700,453-0801,愛知県,名古屋市中村区太閤１－２０－９ Ｌ’ＥＮＶＯＬ ＭＥＩＥＫＩ ４階,
343466040053,みどりクリニック川崎,1415311030,213-0023,神奈川県,川崎市高津区子母口１００３－６　グリーンパークシボグチ１０１,
343452739294,トータス往診クリニック・かわさき北,1415510854,216-0015,神奈川県,川崎市宮前区菅生六丁目３２番２０号　コリーヌ山中２０３,
343399015112,古淵駅前　まさき糖尿病・甲状腺クリニック,1412612414,252-0344,神奈川県,相模原市南区古淵１－６－１１　Ｋ’ｓビル　２階,
343399015111,先進会眼科 大名古屋ビルヂング,2310506734,450-6404,愛知県,名古屋市中村区名駅３－２８－１２ 大名古屋ビルヂング４階,
343316492986,コタロウこころの在宅クリニック,2310403494,451-0042,愛知県,名古屋市西区那古野１－１８－２３ ラスメゾン那古野４Ａ,
343452797689,ソワンアイクリニック,2315300950,480-0144,愛知県,丹羽郡大口町下小口６－１６７,
343452699383,家庭医療クリニック新潟,1510128349,950-0872,新潟県,新潟市東区牡丹山２丁目５－１８　コーポ華月　２階右号室,
343452699382,かもめメンタルクリニック,1414114210,231-0007,神奈川県,横浜市中区弁天通３丁目４７番２　フロール横濱関内２階,
343316492025,なおみファミリークリニック名古屋中小田井,2310403478,452-0822,愛知県,名古屋市西区中小田井３－１７ ツルハドラッグ中小田井店２階,
343466040052,みたか武蔵野消化器内視鏡クリニック,1313327681,180-0013,東京都,武蔵野市西久保一丁目６番２５号　メディフロント武蔵野３階,
343452797688,さえレディースクリニック,1418110340,236-0027,神奈川県,横浜市金沢区瀬戸１６－３２　ＴＨＥ　ＰＬＡＣＥ八景４階,
343452739293,かじがや耳鼻咽喉科,1415310982,213-0015,神奈川県,川崎市高津区梶ケ谷２－１－２　シーズ梶ヶ谷１階Ｃ号室,
343392399042,北信越クリニック,1510313503,943-0861,新潟県,上越市大和５丁目２７番４号,
343452699381,しんこやす・おおぐち耳鼻咽喉科　漢方内科　小児科,1412105000,221-0013,神奈川県,横浜市神奈川区新子安１－３３－１５　グリシーヌ横浜１０２号室,
343408585460,甲府セレニティクリニック,1910116522,400-0822,山梨県,甲府市里吉三丁目１０番２号,
343392399041,ＳａｌｕｓＮｏｖａ クリニック,2310506726,450-6019,愛知県,名古屋市中村区名駅１－１－４ ＪＲセントラルタワーズ１９階,
343390618334,横浜駅前さいとう整形外科・スポーツクリニック,1412110860,221-0835,神奈川県,横浜市神奈川区鶴屋町二丁目１１番地８　２階,
343466040051,緑が丘クリニック,1910116506,400-0008,山梨県,甲府市緑が丘２丁目７番７号,
343452797687,はれまちクリニック,1510313511,943-0821,新潟県,上越市土橋２５９４番地,
343390618333,Ｓｈａｒｅ　Ｃｌｉｎｉｃ,1415211677,211-0063,神奈川県,川崎市中原区小杉町６－４３２－６　むさし野サントラービル３階,
343466072777,七夕よろずクリニック,2312206127,491-0831,愛知県,一宮市森本１－１１－２０,
343449129688,和穏在宅クリニック,2311503607,465-0066,愛知県,名古屋市名東区梅森坂西２－６１６ 横井コーポ１階 １Ｄ,
343323314917,あらかわ医院南院,2314501483,488-0006,愛知県,尾張旭市大久手町中松原１１４－１,
343452650194,戸塚駅前みんなの整形外科,1411011352,244-0003,神奈川県,横浜市戸塚区戸塚町４１０７番地１　オセアン里山１階２階,
343442010819,ごうだ整形外科,1412410850,253-0017,神奈川県,茅ヶ崎市松林２－５－３３,
343395881661,さこ整形外科・リハビリテーション科,1412810570,257-0034,神奈川県,秦野市大秦町２－１６　クリエイトエス・ディー秦野大秦町店２Ｆ,
343466040050,医療法人社団テラス　立川南口クリニック,1313025749,190-0023,東京都,立川市柴崎町三丁目８番１号　ＮＡＣビル６階,
343452835559,ＢＡＳＥＧＡＴＥ横浜関内クリニック,1414117770,231-0017,神奈川県,横浜市中区港町一丁目１番地１　ＢＡＳＥＧＡＴＥ横浜関内タワー７Ｆ,
343442010820,木月住吉内科クリニック,1415211669,211-0021,神奈川県,川崎市中原区木月住吉町２１番１号　ＡＺＺＵＲＲＩ元住吉１階,
343406757565,ねもと内科・糖尿病甲状腺クリニック,1413711835,227-0062,神奈川県,横浜市青葉区青葉台一丁目１５－１３　青葉台メディカルブリッジ２階１号室,
343323314916,羽沢横浜内科・内視鏡クリニック,1412110940,221-0866,神奈川県,横浜市神奈川区羽沢南二丁目４４番７号　ＨＡＺＡＡＲ４階,
343465937608,痛みと向き合うペインクリニック,2311603142,468-0015,愛知県,名古屋市天白区原２－９０７ Ｖ・ｄｒｕｇ天白原店２階,
343406757564,桜花クリニック,2314800968,470-1161,愛知県,豊明市栄町武侍４１,
343465937607,こどもとおとなの ななき在宅クリニック,1912310248,409-3804,山梨県,中央市井之口１１３９番地１,
343253909192,豊川おうちクリニック,2312602556,442-0887,愛知県,豊川市明野町１－１３,
343244911322,こもれびクリニック,2312105923,444-0834,愛知県,岡崎市柱町東荒子２１０ デバイスビル４０３,
343449129687,あがのわたなべ内科・消化器内科,1512110329,959-2033,新潟県,阿賀野市百津町３番４４号,
343395881660,エターナルクリニック,1412612406,252-0237,神奈川県,相模原市中央区千代田１－６－１　久保田ビル３０２,
343323314915,あぐい服部整形外科いたみのクリニック,2315703138,470-2202,愛知県,知多郡阿久比町福住西前田１３６－７,
343244911321,まなべ医院,2310506742,453-0015,愛知県,名古屋市中村区椿町１３－２４ 徳勝ビル２階,
343452835558,登戸産婦人科,1415411103,214-0014,神奈川県,川崎市多摩区登戸１６８０－１,
343244911320,熊谷医院,1415010970,210-0846,神奈川県,川崎市川崎区小田５丁目２８番１５号,
343466072776,南大高内科ハートクリニック,2311403840,459-8002,愛知県,名古屋市緑区森の里１－９６－３,
343465937606,ホームクリニック西橋本,1412612471,252-0131,神奈川県,相模原市緑区西橋本５－４－３　コトエ橋本２階２０３１区画,
